{
  "train_loss": [
    0.22356761458080243,
    0.2245502639913826,
    0.22719120529354495,
    0.22614632030209936,
    0.22566313887936532,
    0.22431739795616742,
    0.22182564972850974,
    0.2236029327207716,
    0.22257250596419176,
    0.22086702493143884,
    0.22091865001482258,
    0.2197178466763006,
    0.2190316320769098,
    0.21825926055893188,
    0.21903960409387163,
    0.21737387374908962,
    0.21602365088846567,
    0.21565970375956647,
    0.2150752537364389,
    0.21481606240160736,
    0.21408338135172222,
    0.21410870781993432,
    0.21338619968539105,
    0.21408469716388084,
    0.2127760960463046,
    0.21271009007019126,
    0.21305690988366466,
    0.2134309267368431,
    0.2126641652336314,
    0.2124092687492274
  ],
  "val_loss": [
    0.21045656850174912,
    0.21247041244762685,
    0.2138424119179916,
    0.21251776721914234,
    0.21161458958760374,
    0.21158057445390793,
    0.2114247682521928,
    0.21230278801430696,
    0.21015314872628488,
    0.21010786438442813,
    0.20872889995082933,
    0.20881288615787555,
    0.20782793389410717,
    0.20712739285433068,
    0.20693886003005993,
    0.20675953601797423,
    0.20619912756571793,
    0.20572534703163417,
    0.2074351616250644,
    0.20455038765410208,
    0.20436388292238586,
    0.20424020939957607,
    0.20324465908906744,
    0.2031098521730435,
    0.20296610655181063,
    0.20289543552218742,
    0.20266051415307154,
    0.20260253084718055,
    0.20256499191101804,
    0.20255839308934673
  ],
  "train_iou": [
    0.5515686255057218,
    0.5476624770714592,
    0.5458350763174746,
    0.5456708719225012,
    0.5487130358682629,
    0.5487371236527812,
    0.550014627437787,
    0.5480630727273768,
    0.5515235629508534,
    0.551815017256782,
    0.5530086207086131,
    0.5552519598963128,
    0.5558737552338442,
    0.5550217830142645,
    0.5571227014037643,
    0.5582670653018416,
    0.559056313979051,
    0.5609442747155309,
    0.5583788441780693,
    0.5604986080983412,
    0.5624411580081671,
    0.5644725448642401,
    0.5635689370068114,
    0.5638057731450857,
    0.5663591448739931,
    0.5654291392584444,
    0.5658483468956376,
    0.5648150551566077,
    0.5656880599155077,
    0.5670575819256674
  ],
  "val_iou": [
    0.5161394551995632,
    0.5129433497130124,
    0.5111135101209564,
    0.5129562383539547,
    0.5150807138710372,
    0.5148216837998679,
    0.5151677020951358,
    0.514007290099541,
    0.5165475939140692,
    0.5169371672697045,
    0.5193560313961155,
    0.5196298448545523,
    0.5209989418081966,
    0.5211507859622229,
    0.5224070648752508,
    0.5222608079396996,
    0.5232710138237104,
    0.5246062005031742,
    0.5232122349429852,
    0.5257517707017988,
    0.5263515554817003,
    0.5268176175098831,
    0.5281771273817913,
    0.5286858687974136,
    0.5285834079923947,
    0.5289330332317999,
    0.5291758015265374,
    0.5290973839200873,
    0.5294081895430928,
    0.5293768665640947
  ],
  "train_dice": [
    0.6975107789039612,
    0.6936997771263123,
    0.6917345523834229,
    0.6917182803153992,
    0.6951440572738647,
    0.6940643191337585,
    0.6960257291793823,
    0.6945194602012634,
    0.6963760852813721,
    0.6988714337348938,
    0.6986351013183594,
    0.7006277441978455,
    0.7013273239135742,
    0.701560914516449,
    0.7032862901687622,
    0.7034513354301453,
    0.7050507068634033,
    0.7057795524597168,
    0.7033365964889526,
    0.7071214914321899,
    0.707306981086731,
    0.7095392942428589,
    0.7074505090713501,
    0.7084387540817261,
    0.7109622955322266,
    0.7104538083076477,
    0.7121652960777283,
    0.7092956304550171,
    0.7108296751976013,
    0.7114632725715637
  ],
  "val_dice": [
    0.7112594842910767,
    0.7086973190307617,
    0.706662654876709,
    0.7084160447120667,
    0.7101119756698608,
    0.7100799083709717,
    0.7103156447410583,
    0.7093029022216797,
    0.7116140723228455,
    0.7121855616569519,
    0.7140269875526428,
    0.7143077850341797,
    0.7152258157730103,
    0.7158204913139343,
    0.7162777781486511,
    0.7164138555526733,
    0.7172434329986572,
    0.7182090282440186,
    0.7167888283729553,
    0.7194580435752869,
    0.7199379205703735,
    0.7199351191520691,
    0.7214372754096985,
    0.7216823697090149,
    0.7219105958938599,
    0.7219480872154236,
    0.7222899198532104,
    0.7222492694854736,
    0.7224124073982239,
    0.7224257588386536
  ],
  "train_pixel_acc": [
    0.8335317373275757,
    0.8328933715820312,
    0.8329459428787231,
    0.8337100148200989,
    0.8347707986831665,
    0.833999514579773,
    0.8334909677505493,
    0.8326455950737,
    0.8353663682937622,
    0.8344655632972717,
    0.8345645666122437,
    0.8356199860572815,
    0.8366138935089111,
    0.836630642414093,
    0.8376197218894958,
    0.8377760052680969,
    0.8370943665504456,
    0.8379263281822205,
    0.8371866345405579,
    0.836969256401062,
    0.8373729586601257,
    0.8393150568008423,
    0.8389589190483093,
    0.8395142555236816,
    0.8388001918792725,
    0.8396576046943665,
    0.8386208415031433,
    0.8385722041130066,
    0.8387925028800964,
    0.8393458724021912
  ],
  "val_pixel_acc": [
    0.831138551235199,
    0.8303956985473633,
    0.830372154712677,
    0.8312925100326538,
    0.8321797847747803,
    0.831693172454834,
    0.8309286832809448,
    0.8297445178031921,
    0.8319607973098755,
    0.8309780955314636,
    0.8320342302322388,
    0.8327281475067139,
    0.8341137170791626,
    0.833705484867096,
    0.8346423506736755,
    0.8345096707344055,
    0.8340344429016113,
    0.8348388671875,
    0.8345839977264404,
    0.8341471552848816,
    0.8341618180274963,
    0.8352895975112915,
    0.8354902863502502,
    0.8357971906661987,
    0.8351674675941467,
    0.8359389305114746,
    0.8355651497840881,
    0.8353913426399231,
    0.835922360420227,
    0.8357850313186646
  ],
  "lr_backbone": [
    3.3333333333333333e-06,
    5e-06,
    5e-06,
    4.983095894354858e-06,
    4.93261217644956e-06,
    4.849231551964771e-06,
    4.734081600808531e-06,
    4.588719528532342e-06,
    4.415111107797445e-06,
    4.215604094671835e-06,
    3.992896479256966e-06,
    3.7500000000000005e-06,
    3.4901994150978926e-06,
    3.217008081777726e-06,
    2.9341204441673267e-06,
    2.6453620722761897e-06,
    2.3546379277238107e-06,
    2.0658795558326745e-06,
    1.7829919182222752e-06,
    1.509800584902108e-06,
    1.2500000000000007e-06,
    1.0071035207430352e-06,
    7.843959053281663e-07,
    5.848888922025553e-07,
    4.1128047146765936e-07,
    2.6591839919146963e-07,
    1.507684480352292e-07,
    6.738782355044048e-08,
    1.6904105645142443e-08,
    0.0
  ],
  "lr_head": [
    0.00013333333333333334,
    0.0002,
    0.0002,
    0.00019932383577419432,
    0.00019730448705798239,
    0.00019396926207859084,
    0.00018936326403234125,
    0.00018354878114129367,
    0.0001766044443118978,
    0.0001686241637868734,
    0.00015971585917027862,
    0.00015000000000000001,
    0.0001396079766039157,
    0.00012868032327110904,
    0.00011736481776669306,
    0.00010581448289104758,
    9.418551710895243e-05,
    8.263518223330697e-05,
    7.131967672889101e-05,
    6.039202339608432e-05,
    5.000000000000002e-05,
    4.028414082972141e-05,
    3.137583621312665e-05,
    2.339555568810221e-05,
    1.6451218858706374e-05,
    1.0636735967658784e-05,
    6.030737921409169e-06,
    2.6955129420176196e-06,
    6.761642258056978e-07,
    0.0
  ],