{
  "train_loss": [
    0.19515924968289444,
    0.19951377057733027,
    0.20265448389560548,
    0.20037710928391375,
    0.20292765543417468,
    0.20145078733865826,
    0.19934680404114172,
    0.20069224400963293,
    0.1980508296347065,
    0.19822349877437567,
    0.1977489242203758
  ],
  "val_loss": [
    0.18420820632867468,
    0.18877184966215924,
    0.1902356474959063,
    0.19114997978292922,
    0.19342193527604049,
    0.18698566439766554,
    0.19135704955214974,
    0.18753172475961769,
    0.18776376479826634,
    0.1854386619239483,
    0.18860066843763837
  ],
  "train_iou": [
    0.5488421482903321,
    0.5419465572714658,
    0.5388177445068066,
    0.5373056669918703,
    0.5306831622507711,
    0.5457572117433609,
    0.5371368551467404,
    0.5446224143168448,
    0.5443285071406678,
    0.5479267091405247,
    0.5436947218343713
  ],
  "val_iou": [
    0.5150105024989313,
    0.5077366459544396,
    0.5070227908559328,
    0.5010298020572402,
    0.5003960648811253,
    0.508883906762493,
    0.5049808991329553,
    0.5087437575170536,
    0.5103175713143175,
    0.5143901622397088,
    0.5109889273331879
  ],
  "train_dice": [
    0.6950498819351196,
    0.6877752542495728,
    0.6838002800941467,
    0.6840998530387878,
    0.6805531978607178,
    0.6917182803153992,
    0.6832175254821777,
    0.6907658576965332,
    0.6901277899742126,
    0.6943902969360352,
    0.6897484064102173
  ],
  "val_dice": [
    0.7102571129798889,
    0.7034975290298462,
    0.7028403878211975,
    0.7006401419639587,
    0.6980858445167542,
    0.7065155506134033,
    0.7010038495063782,
    0.7065861821174622,
    0.706342875957489,
    0.7095288634300232,
    0.7075202465057373
  ],
  "train_pixel_acc": [
    0.8356335759162903,
    0.8318975567817688,
    0.8339524269104004,
    0.830482542514801,
    0.8290725946426392,
    0.8347732424736023,
    0.8331398963928223,
    0.8332928419113159,
    0.8333442211151123,
    0.8361495137214661,
    0.8331145644187927
  ],
  "val_pixel_acc": [
    0.831993043422699,
    0.8286832571029663,
    0.8302391767501831,
    0.8282211422920227,
    0.8263378739356995,
    0.8303856253623962,
    0.8292956352233887,
    0.8291042447090149,
    0.8292511701583862,
    0.8319752216339111,
    0.8290507197380066
  ],
  "lr": [
    0.00019999999999999998,
    0.0003,
    0.0003,
    0.000299665031793473,
    0.000298661623223217,
    0.000296994255755488,
    0.00029467037625815644,
    0.00029170036374118777,
    0.0002880974830014643,
    0.00028387782537898215,
    0.0002790602368890209
  ],
  "final_class_iou": [
    0.5138865813899499,
    0.6255902754068374,
    0.5139359388097077,
    0.5875068051424649,
    0.43459414660930634,
    0.2533518744609024,
    0.24730416903468339,
    0.315600199016867,
    0.5490554666744089,
    0.9681100368499755
  ],
  "tta_iou": 0.516879187769376,
  "tta_dice": 0.7118533849716187,
  "tta_acc": 0.832765519618988,
  "tta_class_iou": [
    0.514955308718177,
    0.6298706395626068,
    0.5165769705774298,
    0.5888094941560463,
    0.43750397235155103,
    0.2543771207639122,
    0.2506699119939616,
    0.31798527587003483,
    0.5503167150155553,
    0.9683804594237229
  ]
}