{
  "train_loss": [
    0.2869392784013875,
    0.2543335587954171,
    0.2205300755261791,
    0.2080982935290974,
    0.20330836055598284,
    0.20095898624981426,
    0.19835554773445477,
    0.1966472409451817,
    0.19180236852736302,
    0.19205255433656354,
    0.1898728768107272,
    0.18732991247868688,
    0.1873831643069266,
    0.18636208353466382,
    0.18651033234062356,
    0.18190639453534066,
    0.18296493491336463,
    0.18168451818992742,
    0.18094975863139556,
    0.17985749384420915,
    0.17839900258227276,
    0.1782048467163484,
    0.1777739705761635,
    0.17709630477503516,
    0.17524444108517376,
    0.17534253127388055,
    0.17375703086650313,
    0.17456060086433667,
    0.17431782487912809,
    0.17327276143871712,
    0.1731449709468742,
    0.1724966343901556,
    0.17141231649442518,
    0.17179080774581373,
    0.1716558376941087,
    0.17099425818137642,
    0.1695827934043736,
    0.17196591156212243,
    0.17178231443326067,
    0.17082217789305265
  ],
  "val_loss": [
    0.3035201476242557,
    0.24688895646506134,
    0.21071848788726255,
    0.19565000605283292,
    0.18540879020338538,
    0.18719857172021326,
    0.1839384879893477,
    0.18236586165690571,
    0.17663393366449284,
    0.17770016179332193,
    0.17597416029223856,
    0.17461609329629993,
    0.1751130075668389,
    0.17258275782912033,
    0.17233281638824716,
    0.16890516221148413,
    0.1693293019754332,
    0.1679134116092193,
    0.16867903713722648,
    0.1672541337005747,
    0.16648877313676871,
    0.16705262940962734,
    0.1664084699356331,
    0.16460171441471427,
    0.16398413978376478,
    0.1634131222026153,
    0.1628600780459695,
    0.16272491807082914,
    0.16220650873469106,
    0.16142940115909907,
    0.16123016815890306,
    0.1610069286382798,
    0.16094122345576872,
    0.16061205859735328,
    0.16048251785947093,
    0.16021167713000714,
    0.1599871130343878,
    0.15990507990449854,
    0.15987896885277716,
    0.15989737586358432
  ],
  "train_iou": [
    0.45952760739823834,
    0.4786897003941355,
    0.47543812420424614,
    0.48616708810290404,
    0.4968071155202439,
    0.4995476246333005,
    0.5004238389782754,
    0.5126668902436247,
    0.5113382915797496,
    0.5106029458915105,
    0.516142532078469,
    0.5190936053209815,
    0.5192969647453682,
    0.5197438872324561,
    0.5212579709278718,
    0.5268860536469636,
    0.5292163489718275,
    0.5277897347119189,
    0.5303087151033336,
    0.5285263281932777,
    0.5333250289486443,
    0.5310124188786892,
    0.5303828887487351,
    0.5351768105844682,
    0.5373499802318712,
    0.5374930358110005,
    0.5385012544487403,
    0.540933287577085,
    0.5407988445231253,
    0.5419025015986579,
    0.542570085269673,
    0.5424154440519663,
    0.543417575977018,
    0.5441318004240898,
    0.5447679365507903,
    0.5452434422608703,
    0.5438847135531037,
    0.5451830313402496,
    0.5454607436635674,
    0.5451734185235233
  ],
  "val_iou": [
    0.4218736903195379,
    0.4465137344984455,
    0.44596059345382183,
    0.45750651838290524,
    0.4691429948647326,
    0.4682761725358431,
    0.47107239863491923,
    0.4805428466547828,
    0.4821328860123209,
    0.48152221341971413,
    0.4889413571683395,
    0.491552252118708,
    0.49199760114583324,
    0.49234414810549515,
    0.493088873859978,
    0.5000287682719382,
    0.49940344365632694,
    0.49996974469113986,
    0.4991380070705503,
    0.5014600967115711,
    0.503457946980617,
    0.5011801037885418,
    0.5029374559698427,
    0.5061019197575749,
    0.508341906337848,
    0.5097305842737166,
    0.5099742600026244,
    0.51211525712569,
    0.5123835748329068,
    0.5131893381708623,
    0.5137910049745177,
    0.5138034955947058,
    0.5137466570155226,
    0.5145928526988429,
    0.5152787670691439,
    0.51538514384722,
    0.5157241930232189,
    0.5159511638871992,
    0.5158987111112062,
    0.516138089725674
  ],
  "train_dice": [
    0.604830801486969,
    0.6277316808700562,
    0.626615583896637,
    0.6382648944854736,
    0.647322416305542,
    0.6499137282371521,
    0.6518548130989075,
    0.6629757285118103,
    0.6624293327331543,
    0.6618003845214844,
    0.6650964617729187,
    0.6693037748336792,
    0.668276309967041,
    0.6703724265098572,
    0.671593189239502,
    0.6754725575447083,
    0.6778447031974792,
    0.6771804094314575,
    0.680239737033844,
    0.6773685216903687,
    0.6822016835212708,
    0.6821306347846985,
    0.6781973838806152,
    0.6847671866416931,
    0.6865220665931702,
    0.6856740117073059,
    0.6876345276832581,
    0.6900391578674316,
    0.6891709566116333,
    0.6912378072738647,
    0.6917197704315186,
    0.6917402148246765,
    0.693038284778595,
    0.6921899318695068,
    0.6938685178756714,
    0.6944223046302795,
    0.6940602660179138,
    0.6927965879440308,
    0.6941211819648743,
    0.6943531632423401
  ],
  "val_dice": [
    0.6218559145927429,
    0.6502482891082764,
    0.6463506817817688,
    0.6612588167190552,
    0.671846866607666,
    0.6714670658111572,
    0.6730766892433167,
    0.6804526448249817,
    0.6826373338699341,
    0.6821303963661194,
    0.6871547102928162,
    0.6900628805160522,
    0.6891539096832275,
    0.6918166875839233,
    0.6914557814598083,
    0.6972683072090149,
    0.696323812007904,
    0.6975802779197693,
    0.6980544924736023,
    0.6990211606025696,
    0.7007826566696167,
    0.6993151307106018,
    0.7004754543304443,
    0.7028863430023193,
    0.7048647403717041,
    0.7055186629295349,
    0.7063019871711731,
    0.7077842950820923,
    0.7079379558563232,
    0.7090855240821838,
    0.7092779874801636,
    0.7094001173973083,
    0.7093123197555542,
    0.7101007699966431,
    0.7107082605361938,
    0.7108989357948303,
    0.7113115191459656,
    0.711386501789093,
    0.7113991975784302,
    0.7115538120269775
  ],
  "train_pixel_acc": [
    0.7995388507843018,
    0.8113266229629517,
    0.806495726108551,
    0.8106216788291931,
    0.813294529914856,
    0.8130618929862976,
    0.8140057325363159,
    0.8222072720527649,
    0.8182794451713562,
    0.8190008401870728,
    0.8246084451675415,
    0.8245624899864197,
    0.8252976536750793,
    0.8254373073577881,
    0.8254232406616211,
    0.827817976474762,
    0.8282644748687744,
    0.8264939188957214,
    0.8248547315597534,
    0.8254643678665161,
    0.8281984925270081,
    0.8237459063529968,
    0.824647068977356,
    0.8278140425682068,
    0.8283373713493347,
    0.8306944370269775,
    0.8293880820274353,
    0.8320635557174683,
    0.8317782282829285,
    0.8303532004356384,
    0.8322924971580505,
    0.8308252692222595,
    0.8318896293640137,
    0.8316543698310852,
    0.8322898149490356,
    0.8323662877082825,
    0.8312731385231018,
    0.8325083255767822,
    0.8328402042388916,
    0.8326309323310852
  ],
  "val_pixel_acc": [
    0.8004292845726013,
    0.8121027946472168,
    0.8089060187339783,
    0.8123708367347717,
    0.8142667412757874,
    0.8128710389137268,
    0.8135552406311035,
    0.8208712339401245,
    0.8186607360839844,
    0.8191748857498169,
    0.8242419958114624,
    0.8238857388496399,
    0.8244185447692871,
    0.8258062601089478,
    0.8238816261291504,
    0.8272174596786499,
    0.8269757628440857,
    0.8259835839271545,
    0.824207067489624,
    0.8250438570976257,
    0.8265972137451172,
    0.822810709476471,
    0.8245081901550293,
    0.8271806836128235,
    0.8275787830352783,
    0.8300504088401794,
    0.8281789422035217,
    0.8306266665458679,
    0.8308506608009338,
    0.8291332125663757,
    0.8310038447380066,
    0.8300798535346985,
    0.8299227356910706,
    0.8300328254699707,
    0.8310348391532898,
    0.8305460810661316,
    0.8301174640655518,
    0.8309066295623779,
    0.8305539488792419,
    0.8307405710220337
  ],