{
  "train_loss": [
    0.8902596336840916,
    0.7491386645402501,
    0.7224088532679392,
    0.7072025184618,
    0.6819707319463693,
    0.6783298742028697,
    0.6604823049671421,
    0.6618768059243849,
    0.6435426550782419,
    0.6326489036758102,
    0.6271005954731587,
    0.6183118997252512,
    0.6165846730025186,
    0.6117661174796026,
    0.6066802247493228,
    0.6010293139078302,
    0.5983962916864891,
    0.5895594780426537,
    0.5938802666289561,
    0.5826035259673443,
    0.5822881646949649,
    0.5768033137389877,
    0.5779671982462544,
    0.5739098321503071,
    0.5726877243223517,
    0.5712210683763402,
    0.5718700614444353,
    0.568713551232079,
    0.5676354088301088,
    0.5668048655198453
  ],
  "val_loss": [
    0.7514281246647145,
    0.7047724891571129,
    0.6736406106150375,
    0.6626804492571069,
    0.6505798365709916,
    0.6626981389620956,
    0.6420470619656192,
    0.632603646074451,
    0.622425849786696,
    0.6216835207159415,
    0.6113942357822784,
    0.6076429820730813,
    0.6091897050270213,
    0.6103750153345132,
    0.5979183362621181,
    0.5907970469608996,
    0.5878630939917932,
    0.584606571404158,
    0.5803853673860431,
    0.5786234988602545,
    0.5781234999732027,
    0.5793183353793977,
    0.5740021510377714,
    0.5738903695787743,
    0.5724446566529432,
    0.5721912072655165,
    0.5706995006697545,
    0.5704683196766056,
    0.5701236015027564,
    0.5698471630911736
  ],
  "train_iou": [
    0.36428981813325595,
    0.37650344019135384,
    0.3922393126092984,
    0.3949803732195936,
    0.4058501473333774,
    0.39434460677486344,
    0.40524411975491237,
    0.39827017906095397,
    0.40760033097711423,
    0.40232850077808413,
    0.4097391179048516,
    0.4167313378077363,
    0.4111113688511093,
    0.4086143868912904,
    0.41436516458448075,
    0.4200685499655052,
    0.42120205780362,
    0.4215062957641108,
    0.4236705175203648,
    0.4267116870992539,
    0.42268956920270345,
    0.4238025985139064,
    0.42402114360369075,
    0.4245802158455296,
    0.4288204410684169,
    0.4276280038516999,
    0.4259124815796686,
    0.4245814249767872,
    0.4263133108752862,
    0.4267561471621039
  ],
  "val_iou": [
    0.33505715653203944,
    0.34456844430522116,
    0.3621227167006486,
    0.3673463453298113,
    0.38130105720282065,
    0.3680059702851137,
    0.3790731903931913,
    0.368683555515986,
    0.3805077258041165,
    0.37479275953763025,
    0.3841666256860686,
    0.3902039448483162,
    0.38394274546621987,
    0.3856098374050244,
    0.389332552929247,
    0.39474538660471115,
    0.3954783397061467,
    0.39743245038505665,
    0.3963580454001464,
    0.40108284383813464,
    0.394209162077345,
    0.3969870348125085,
    0.39618745629718927,
    0.3993422851338885,
    0.40296755519836747,
    0.4035502344115277,
    0.4027053636171404,
    0.4014773913022921,
    0.4028463501917107,
    0.4022168201363936
  ],
  "train_dice": [
    0.5117922425270081,
    0.5248362421989441,
    0.54185950756073,
    0.5447790622711182,
    0.5558181405067444,
    0.5491219758987427,
    0.558738112449646,
    0.5504932999610901,
    0.5602167844772339,
    0.5563051104545593,
    0.5634773969650269,
    0.5713236331939697,
    0.5664963722229004,
    0.5615125298500061,
    0.5684689283370972,
    0.5744822025299072,
    0.5770559906959534,
    0.5766844749450684,
    0.5782707929611206,
    0.5821367502212524,
    0.5783723592758179,
    0.5814446806907654,
    0.5818869471549988,
    0.5829095244407654,
    0.5858509540557861,
    0.5861296057701111,
    0.5835500955581665,
    0.5811825394630432,
    0.583611249923706,
    0.5824410915374756
  ],
  "val_dice": [
    0.5384373068809509,
    0.5450472235679626,
    0.5684822797775269,
    0.5720597505569458,
    0.5859652161598206,
    0.5745730400085449,
    0.5878187417984009,
    0.5782245397567749,
    0.5909931659698486,
    0.5807690024375916,
    0.5934937596321106,
    0.5977579951286316,
    0.5928120017051697,
    0.5937801599502563,
    0.5988966226577759,
    0.6024154424667358,
    0.605128824710846,
    0.6047763228416443,
    0.6051612496376038,
    0.6095877885818481,
    0.601002037525177,
    0.6061087846755981,
    0.6060969233512878,
    0.6079437732696533,
    0.6112234592437744,
    0.612130880355835,
    0.6119580268859863,
    0.611023485660553,
    0.612301230430603,
    0.6115788817405701
  ],
  "train_pixel_acc": [
    0.6987921595573425,
    0.7066770195960999,
    0.7235663533210754,
    0.7238950729370117,
    0.7358558773994446,
    0.7197477221488953,
    0.7277979254722595,
    0.718707799911499,
    0.7291492819786072,
    0.7319842576980591,
    0.7267967462539673,
    0.7386617064476013,
    0.7322922945022583,
    0.7288790941238403,
    0.7383753061294556,
    0.7385901212692261,
    0.7369970083236694,
    0.7394002079963684,
    0.7429234981536865,
    0.7471712827682495,
    0.7373605370521545,
    0.7392104864120483,
    0.74055016040802,
    0.7419756650924683,
    0.7464100122451782,
    0.7440166473388672,
    0.7436197400093079,
    0.7410361766815186,
    0.7430080771446228,
    0.7420791983604431
  ],
  "val_pixel_acc": [
    0.7114296555519104,
    0.7156384587287903,
    0.7296740412712097,
    0.733549177646637,
    0.7437949776649475,
    0.7260160446166992,
    0.7366186380386353,
    0.7256549596786499,
    0.7347866296768188,
    0.7387855648994446,
    0.7344541549682617,
    0.7447134256362915,
    0.7381846904754639,
    0.7383451461791992,
    0.7450240850448608,
    0.7442908883094788,
    0.7428534030914307,
    0.7443830370903015,
    0.7477580904960632,
    0.7514266967773438,
    0.7419501543045044,
    0.7437929511070251,
    0.7445683479309082,
    0.7454851269721985,
    0.7513517141342163,
    0.7484220862388611,
    0.747740626335144,
    0.7457458972930908,
    0.7474513053894043,
    0.7461307048797607
  ],
  "lr": [
    0.0004986332128943842,
    0.0004945478263830845,
    0.0004877886008156408,
    0.00047842959168182885,
    0.0004665733382442175,
    0.0004523497400965494,
    0.0004359146339566099,
    0.00041744808628653516,
    0.00039715242044697206,
    0.00037525000000000004,
    0.00035198079244741227,
    0.00032759974009654945,
    0.000302373966859031,
    0.0002765798515852796,
    0.0002505000000000001,
    0.00022442014841472053,
    0.00019862603314096906,
    0.00017340025990345066,
    0.0001490192075525879,
    0.0001257500000000001,
    0.00010384757955302802,
    8.355191371346498e-05,
    6.50853660433902e-05,
    4.8650259903450666e-05,
    3.442666175578256e-05,
    2.257040831817107e-05,
    1.32113991843592e-05,
    6.452173616915483e-06,
    2.366787105615787e-06,
    1e-06
  ],
  "final_class_iou": [
    0.45151969256266106,
    0.5029946175345685,
    0.4128339194995203,
    0.4810697473748735,
    0.2785686162114143,
    0.21525614238285187,
    0.05168669131546836,
    0.16469095755297286,
    0.36102300348146904,
    0.9473123254447148
  ]
}